Drug_Name,Category
abacavir,B3
abacavir / dolutegravir / lamivudine,B3
abacavir / lamivudine / zidovudine,B3
abacavir/ lamivudine,B3
abatacept,C
abciximab,C
abemaciclib,D
abiraterone,D
acalabrutinib,C
acamprosate,B2
acarbose,B3
acetazolamide,B3
acetazolamide (ophthalmic),B3
acetylcholine,B2
acetylcysteine,B2
acetylcysteine (inhaled),B2
acetylcysteine (intravenous),B2
aciclovir,B3
aciclovir (topical),B3
acitretin,X
aclidinium bromide,B3
aclidinium bromide / eformoterol fumarate,B3
actinomycin D (dactinomycin),D
adalimumab,C
adapalene,D
adefovir,B3
adenosine,B2
adrenaline (epinephrine),A
afamelanotide,B1
afatinib,C
aflibercept,D
agalsidase alfa,B2
agalsidase beta,B2
agomelatine,B1
alatrofloxacin,B3
albendazole,D
albutrepenonacog alfa,B2
alcuronium,B2
aldesleukin,C
alectinib,D
alefacept,C
alemtuzumab,B2
alendronate,B3
alfentanil,C
alfuzosin,B2
alginates/antacids,A
alglucerase,B3
alglucosidase alfa,B1
alimemazine,C
alirocumab,B1
aliskiren,D
allergen pollen extract of 5 grasses,B2
allopurinol,B2
alogliptin / metformin,C
alogliptin benzoate,B3
alpha-1-proteinase inhibitor,B2
alprazolam,C
alprenolol,C
alteplase,B1
altretamine (hexamethylmelamine),D
amantadine,B3
ambenonium chloride,B2
ambrisentan,X
amethocaine (tetracaine),B2
amifostine,B3
amikacin,D
amiloride,C
aminocaproic acid,B3
aminoglutethimide,D
aminoglutethimide,D
aminolevulinic acid HCl,C
amiodarone,C
amisulpride,C
amitriptyline,C
amlodipine,C
amlodipine / atorvastatin,D
amlodipine / hydrochlorothiazide /valsartan,D
amlodipine / olmesartan medoxomil,D
amlodipine / olmesartan medoxomil / hydrochlorothiazide,D
amlodipine / telmisartan,D
amlodipine / valsartan,D
ammonium chloride,A
amobarbital,C
amorolfine,B3
amoxicillin,A
amphotericin,B3
ampicillin,A
amprenavir,B3
amsacrine,D
amylobarbitone (amobarbital),C
anagrelide,B3
anakinra,B1
anastrozole,C
ancestim,B2
anecortave,B1
anidulafungin,B3
anistreplase,C
antithrombin III,C
anti-thymocyte immunoglobulin,C
apalutamide,D
apixaban,C
apomorphine,B3
apraclonidine,B3
apremilast,B3
aprepitant,B1
aprotinin,B1
argipressin,B2
aripiprazole,C
armodafinil,D
arsenic trioxide,X
artemether with lumefantine,D
articaine,B3
articaine / adrenaline,B3
asenapine,C
asfotase alfa (rch),C
asparaginase,D
aspirin,C
aspirin / dipyridamole,C
asunaprevir,B1
atazanavir,B2
atazanavir / cobicistat,B2
atenolol,C
atezolizumab,D
atomoxetine,B3
atorvastatin,D
atorvastatin / ezetimibe,D
atovaquone,B2
atracurium,C
atropine,A
atropine,A
atropine methonitrate,B2
auranofin,B3
aurothioglucose,B2
avelumab,D
axitinib,D
azacitidine,X
azatadine,B2
azathioprine,D
azelaic acid,B1
azelastine,B3
azelastine hydrochloride / fluticasone propionate,B3
azithromycin,B1
azlocillin,B3
aztreonam,B1
baclofen,B3
baloxavir,B3
balsalazide,C
baricitinib,D
basiliximab,D
BCG (Mycobacterium bovis),B2
becaplermin,B2
beclometasone,B3
beclomethasone,B3
belatacept,C
belimumab,C
belladonna,B2
bendamustine hydrochloride,D
bendrofluazide,C
benralizumab,B1
benserazide,B3
benserazide / levodopa,B3
benzathine penicillin,A
benzatropine,B2
benzhexol (trihexyphenidyl),B1
benzoyl peroxide / adapalene,D
benzoyl peroxide / clindamycin,A
benzydamine (topical oropharyngeal),B2
benzyl benzoate,B2
benzylpenicillin,A
betahistine,B2
betamethasone acetate / betamethasone,C
betamethasone dipropionate,B3
betamethasone dipropionate / calcipotriol,B3
betamethasone valerate,B3
betaxolol,C
betaxolol (ophthalmic),C
bethanechol,B2
bethanechol,B2
bevacizumab,D
bevantolol,C
bezlotoxumab,B2
bicalutamide,D
bictegravir/emtricitabine/tenofovir alafenamide,B3
bifonazole,B3
bimatoprost,B3
bimatoprost / timolol,C
binimetinib,D
bioallethrin,B2
biperiden,B2
bisacodyl,A
bismuth subcitrate,B2
bisoprolol,C
bivalirudin,C
bleomycin,D
blinatumomab (rch),C
boceprevir,B2
boceprevir with ribavirin and peginterferon alfa,X
bortezomib,C
bosentan,X
botulinum toxin type A,B3
brentuximab vedotin,D
bretylium tosilate,C
brexpiprazole,C
brigatinib,D
brimonidine / brinzolamide,B3
brimonidine / timolol,C
brimonidine tartrate,B3
brinzolamide,B3
brinzolamide / timolol,C
brivaracetam,B3
brolucizumab,D
bromazepam,C
bromhexine,A
bromocriptine (injection),B2
bromocriptine (oral),A
brompheniramine,A
budesonide,A
budesonide,A
budesonide (systemic),B3
bumetanide,C
bupivacaine,A
bupivacaine / fentanyl,C
buprenorphine,C
bupropion,B2
buspirone,B1
busulfan,D
butoconazole,B3
cabazitaxel,D
cabergoline,B1
cabozantinib,D
caffeine,A
calcipotriol,B1
calcitonin,B2
calcitonin salmon,B2
calcitriol,B3
calcium carbimide,A
canagliflozin,C
canakinumab,B3
candesartan cilexetil,D
cannabidiol,B2
capecitabine,D
caplacizumab,B1
captopril,D
carbachol,B2
carbamazepine,D
carbetocin,C
carbidopa,B3
carbidopa / entacapone / levodopa,B3
carbidopa / levodopa,B3
carbimazole,C
carboplatin,D
carboprost,D
carfilzomib,C
carglumic acid,B1
cariprazine,D
carmustine,D
carvedilol,C
cascara,A
caspofungin,B3
cefaclor,B1
cefalexin,A
cefalotin,A
cefamandole,B1
cefazolin,B1
cefepime,B1
cefodizime,B2
cefotaxime,B1
cefotetan,B1
cefoxitin,B1
cefpirome,B2
cefpodoxime,B1
ceftaroline fosamil,B1
ceftazidime,B1
ceftolozane/tazobactam,B1
ceftriaxone,B1
cefuroxime,B1
celecoxib,B3
cemiplimab,D
ceritinib,D
cerivastatin,D
cerliponase alfa,B2
certolizumab,C
cetirizine,B2
cetrorelix,D
cetuximab,D
cetylpyridinium,A
chenodeoxycholic acid,B3
chloral hydrate,A
chlorambucil,D
chloramphenicol,A
chloramphenicol (ophthalmic),A
chlorcyclizine,B3
chlordiazepoxide,C
chlorhexidine,A
chlormethiazole,A
chloroquine (prophylaxis),A
chloroquine (treatment),D
chlorothiazide,C
chlorphenamine,A
chlorpromazine,D
chlorpropamide,C
chlorquinaldol,A
chlortalidone,C
cholera vaccine (killed),B2
cholic acid,B2
choriogonadotropin alfa (rch),B3
ciclesonide,B3
ciclesonide,B3
ciclopirox,B3
ciclosporin,C
cidofovir,D
cilazapril,D
cilostazol,B3
cimetidine,B1
cinacalcet,B3
cinchocaine,A
ciprofloxacin,B3
cisapride,B1
cisatracurium besilate,C
cisplatin,D
citalopram,C
cladribine,D
clarithromycin,B3
clavulanic acid,B1
clemastine,A
clevidipine,C
clindamycin,A
clindamycin,A
clindamycin / tretinoin,D
clioquinol,A
clobazam,C
clodronate,B3
clofarabine,D
clofazimine,C
clofibrate,B1
clomifene,B3
clomipramine,C
clonazepam,B3
clonazepam,B3
clonidine,B3
clopamide,C
clopidogrel,B1
clopidogrel / aspirin,C
clorazepate,C
clotrimazole,A
clotrimazole,A
cloxacillin,A
clozapine,C
cobicistat,B1
cobimetinib fumarate,D
codeine,A
codeine,A
colaspase (asparaginase),D
colchicine,D
colestipol,B2
colestyramine,B2
colistimethate,B2
colistin IV with colistimethate,B2
collagenase clostridium histolyticum,B1
conjugated estrogens,D
corifollitropin alfa,B3
corticotrophin,A
cortisone,A
COVID-19 Vaccine - ChAdOx1-S,B2
COVID-19 Vaccine - BNT162b2 (mRNA),B1
crisaborole,B1
crizotinib,D
crotamiton,B2
cyclizine,B3
cyclopenthiazide,C
cyclopentolate,B2
cyclophosphamide,D
cyproheptadine,A
cyproterone acetate (10 mg daily or higher PO),D
cyproterone acetate (2 mg daily PO),B3
cysteamine bitartrate (mercaptamine bitartrate),B3
cytarabine,D
dabigatran etexilate,C
dabrafenib mesilate,D
dacarbazine,D
daclatasvir,B3
daclizumab,C
dactinomycin,D
dalfopristin with quinupristin,B3
dalteparin,C
danaparoid,C
danazol,D
dantrolene,B2
dapagliflozin,D
dapagliflozin / saxagliptin,D
dapagliflozin /metformin,D
dapoxetine,C
dapsone,B2
daptomycin,B1
daratumumab,C
darbepoetin alfa,B3
darifenacin,B3
darolutamide,X
darunavir,B2
dasatinib,D
daunorubicin,D
deferasirox,C
deferiprone,D
defibrotide,D
degarelix,D
delavirdine,B3
demeclocycline,D
denosumab,D
desferrioxamine,B3
desflurane,B3
desipramine,C
desirudin,B3
desloratadine,B1
desmopressin,B1
desogestrel with ethinylestradiol,B3
desonide,B3
desvenlafaxine,B2
dexamethasone,A
dexamfetamine,B3
dexchlorphenamine,A
dexfenfluramine,B3
dexmedetomidine,B1
dextromethorphan,A
dextromoramide,C
dextropropoxyphene,C
diazepam,C
diazoxide,C
diclofenac,C
dicloxacillin,B2
dicyclomine hydrochloride,B1
didanosine,B2
dienoestrol,X
dienogest with ethinylestradiol,B3
dienosliterol,B1
diethylcarbamazine,B2
diethylpropion,B2
diflunisal,C
digoxin and other cardiac glycosides,A
digoxin immune fab,B2
digoxin-specific antibody fragment F(Ab) (Ovine),B2
dihydrocodeine,A
dihydrocodeine,A
dihydroergotamine,C
dihydrotachysterol,B3
diltiazem,C
dimenhydrinate,A
dimethyl fumarate,B1
dinoprost,C
dinoprostone (prostaglandin E2),C
dinutuximab beta,C
diphenhydramine,A
diphenhydramine,A
diphenoxylate,C
diphenylamine,A
diphenylpyraline,B2
diphtheria-tetanus vaccine,A
diphtheria-tetanus-pertussis vaccine,A
diphtheria-tetanus-pertussis-hepatitis B- inactivated poliomyelitis-Haemophilus influenzae type b conjugate vaccine,B2
diphtheria-tetanus-pertussis-hepatitis B- inactivated poliomyelitis-Haemophilus influenzae type b vaccine,B2
diphtheria-tetanus-pertussis-inactivated poliomyelitis vaccine,B2
dipivefrine,B2
dipyridamole,B1
disopyramide,B2
disulfiram,B2
dithranol,B2
dobutamine,B2
docetaxel,D
docusate sodium,A
dofetilide,D
dolasetron,B1
dolutegravir,B1
dolutegravir / abacavir / lamivudine,B3
domperidone,B2
donepezil,B3
dopamine,B3
doripenem,B2
dornase alfa,B1
dorzolamide,B3
dorzolamide / timolol,C
dosulepin,C
dothiepin (dosulepin),C
doxazosin,B3
doxepin,C
doxorubicin,D
doxycycline,D
doxycycline (antimalarial),D
doxylamine,A
dronedarone,D
droperidol,C
drospirenone with ethinylestradiol,B3
drotrecogin alfa,C
dulaglutide,B3
duloxetine,B3
dupilumab,B1
durvalumab,D
dutasteride,X
dydrogesterone with estradiol,B3
econazole,A
econazole,A
ecothiopate,B2
eculizumab,B2
efalizumab,C
efavirenz,D
eflornithine,B3
eformoterol (formoterol),B3
efraloctocog alfa (rhu),C
eftrenonacog alfa (rhu),C
elbasvir / grazoprevir,B1
eletriptan,B1
eliglustat,B3
elosulfase alfa (rch),B3
elotuzumab,C
eltrombopag,B3
elvitegravir,B2
elvitegravir / cobicistat / emtricitabine / tenofovir alafenamide,B3
emetine,A
emicizumab,B2
empagliflozin,D
empagliflozin / linagliptin,D
empagliflozin / metformin,D
emtricitabine,B1
emtricitabine / ripilvirine / tenofovir alafenamide,B3
emtricitabine / tenofovir alafenamide,B3
emtricitabine / tenofovir disoproxil fumarate,B3
emtricitabine / tenofovir disoproxil fumarate / rilpivirine,B3
emtricitabine / tenofovir disoproxil maleate,B3
enalapril,D
enasidenib,D
encorafenib,D
enflurane,A
enfuvirtide,B2
enoxacin,B3
enoxaparin,C
entacapone,B3
entecavir,B3
entrectinib,D
enzalutamide,X
ephedrine,A
ephedrine,A
epirubicin,D
eplerenone,B3
epoetin alfa,B3
epoetin beta (rch),B3
epoetin lambda (rch),B3
epoprostenol,B1
eprosartan,D
eptacog alfa (activated Factor VII - rch),B1
eptifibatide,C
eptotermin alfa,D
erenumab,B1
ergometrine,C
ergotamine,C
eribulin,D
erlotinib,C
ertapenem,B3
ertugliflozin pyroglutamic acid,D
ertugliflozin pyroglutamic acid; Metformin hydrochloride,D
ertugliflozin pyroglutamic acid; sitagliptin phosphate monohydrate,D
erythromycin,A
erythropoietin,B3
escitalopram,C
esmolol,C
esomeprazole,B3
estradiol,B3
estramustine,D
estriol,B1
estropipate,B1
etacrynic acid,C
etanercept,D
ethambutol,A
ethinylestradiol,B3
ethosuximide,D
etidocaine,B1
etidronate disodium,B3
etonogestrel,B3
etoposide,D
etoricoxib,C
etravirine,B1
etretinate,X
everolimus,C
evolocumab (rch),B1
exemestane,C
exenatide,C
ezetimibe,B3
factor IX (human),C
factor IX (r CHO),B2
famciclovir,B1
famotidine,B1
fampridine,C
felodipine,C
fenfluramine,B2
fenofibrate,B3
fenoterol,A
fenoterol,A
fentanyl,C
fentanyl / ropivacaine,C
ferric carboxymaltose,B3
ferucarbotran,B1
fexofenadine,B2
fibrin,B2
fibrinogen,B2
fibronectin,B2
fidaxomicin,B1
filgrastim,B3
finasteride,X
finasteride,X
fingolimod,D
flecainide,B3
fleroxacin,B3
flucloxacillin,B1
fluconazole,D
flucytosine,B3
fludarabine,D
fludrocortisone (systemic),C
fludrocortisone (topical),A
flumazenil,B3
flumetasone,A
flunisolide,B3
flunitrazepam,C
fluocinolone,A
fluocortolone,A
fluorescein sodium (systemic),B2
fluorometholone,B3
fluorouracil,D
fluoxetine,C
fluoxymesterone,D
flupenthixol,C
fluphenazine,C
flurazepam,C
flurbiprofen,C
fluticasone furoate,B3
fluticasone furoate / vilanterol trifenatate,B3
fluticasone propionate,B3
fluticasone propionate / eformoterol fumarate,B3
fluticasone propionate / salmeterol xinafoate,B3
fluvastatin,D
fluvoxamine,C
folic acid,A
folinic acid (leucovorin),A
follicle stimulating hormone (recombinant human),B3
follitropin alfa,D
follitropin beta,B2
follitropin delta,D
fomepizole,B2
fomivirsen,B2
fondaparinux,C
formoterol,B3
fosamprenavir,B3
fosaprepitant,B2
foscarnet,B3
fosfomycin trometamol,B2
fosinopril,D
fotemustine,D
framycetin,D
fremanezumab,B1
frusemide (furosemide),C
fulvestrant,D
furosemide,C
fusidic acid,C
FVIII inhibitor bypassing fraction,B2
gabapentin,B3
gadobenate,B3
gadobutrol,B3
gadodiamide,B3
gadofosveset,B3
gadopentetate dimeglumine,B2
gadoteridol,B3
gadoversetamide,B3
gadoxetate,B3
galactose with palmitic acid,B2
galantamine,B1
galcanezumab,B1
gallamine,C
galsulfase,B3
ganciclovir,D
ganirelix,D
gatifloxacin,B3
gefitinib,C
gelatin - succinylated,B3
gemcitabine,D
gemeprost,B3
gemfibrozil,B3
gemtuzumab ozogamicin,D
gentamicin,D
gestoden,B3
gestrinone,D
glatiramer,B1
glecaprevir / pibrentasvir,B1
glibenclamide,C
glibenclamide / metformin,C
gliclazide,C
glimepiride,C
glipizide,C
glucagon,B3
glyceryl trinitrate,B2
glyceryl trinitrate,B2
glycopyrronium bromide,B2
glycopyrronium bromide,B2
glycopyrronium bromide,B3
golimumab,C
gonadotrophin - human chorionic,A
gonadotrophin - human menopausal,C
goserelin,D
goserelin,D
granisetron,B1
griseofulvin,D
guaifenesin,A
guanethidine,A
guanfacine hydrochloride,B3
guselkumab,B1
Haemophilus influenzae type b conjugate vaccine,B2
Haemophilus influenzae type b-meningococcal group C conjugate vaccine,B2
halcinonide,A
haloperidol,C
halothane,A
heparin,C
hepatitis A - hepatitis B vaccine,B2
hepatitis A - typhoid vaccine,B2
hepatitis A vaccine,B2
hepatitis B vaccine,B2
homatropine,B2
house dust mite allergen extract,B2
human papillomavirus vaccine,B2
hydralazine,C
hydrochlorothiazide,C
hydrocortisone,A
hydromorphone,C
hydroxycarbamide,D
hydroxychloroquine,D
hydroxychloroquine (antimalarial),D
hydroxyprogesterone,D
hydroxyurea (hydroxycarbamide),D
hydroxyzine,A
hyoscine,B2
hyoscine,B2
hyoscine hydrobromide,B2
hyoscine methobromide,A
hyoscine-N-butylbromide,B2
hyoscine-N-butylbromide,B2
hyoscyamine,B2
hyoscyamine,B2
ibandronate,B3
ibrutinib,D
ibuprofen,C
ibutilide,B3
icatibant,C
idarubicin,D
idarucizumab,B2
idelalisib,D
idoxuridine (ophthalmic),B3
idoxuridine (topical),B1
idursulfase,B2
ifosfamide,D
iloprost,B3
imatinib,D
imiglucerase,B2
imipenem with cilastatin,B3
imipramine,C
imiquimod,B1
inactivated influenza vaccine (pandemic),B2
inactivated influenza vaccine (pre-pandemic),B2
"inactivated influenza vaccine (seasonal), split, trivalent or quadrivalent",A
"inactivated influenza vaccine (seasonal), surface antigen, trivalent or quadrivalent",B2
incobotulinumtoxinA,B3
indacaterol,B3
indacaterol maleate / glycopyrronium bromide,B3
indacaterol/glycopyrronium,B3
indapamide,C
indigo carmine,B2
indinavir,B3
indometacin,C
infliximab,C
influenza virus A (H1N1) / influenza virus A (H3N2) / influenza virus B (Yamagata lineage) / influenza virus B (Victoria lineage) quadrivalent vaccine (live attenuated),B1
ingenol,B3
Inotuzumab ozogamicin,D
insulin aspart,A
insulin aspart / insulin degludec,B3
insulin detemir,A
insulin glargine,B3
insulin glulisine,B3
insulin lispro,A
interferon alpha-2a,B3
interferon alpha-2b,B3
interferon beta-1a,D
interferon beta-1b,D
interferon gamma-1b,B3
iodixanol,B1
iodoform with bismuth subnitrate,D
iomeprol,B3
iopromide,B2
ioversol,B1
ipecacuanha,A
ipilimumab,C
ipratropium bromide,B1
irbesartan,D
irinotecan,D
irinotecan (nanoliposomal as sucrosofate),D
iron [as ferric derisomaltose] (parenteral),B3
iron polymaltose (oral),A
iron polymaltose (parenteral),A
iron sucrose (parenteral),B3
isatuximab,C
isavuconazole,D
isoconazole,B2
isoflurane,B3
isoniazid,A
isoprenaline,A
isoprenaline,A
isosorbide dinitrate,B1
isosorbide dinitrate,B1
isosorbide mononitrate,B2
isotretinoin (systemic),X
isotretinoin (topical),D
isoxsuprine,C
isradipine,C
itraconazole,B3
ivabradine,D
ivacaftor,B3
ivermectin,B3
ixazomib,C
ixekizumab,C
Japanese encephalitis vaccine (inactivated),B1
"Japanese encephalitis vaccine (live, attenuated)",B2
kanamycin,D
ketamine,B3
ketoconazole,B3
ketoprofen,C
ketorolac,C
ketotifen,B1
labetalol,C
lacosamide,B3
lamivudine,B3
lamotrigine,D
lanadelumab,B1
lanreotide,C
lansoprazole,B3
lanthanum,B3
lapatinib,C
laronidase,B2
larotrectinib,D
latanoprost,B3
latanoprost / timolol,C
lauromacrogol,B3
ledipasvir,B1
ledipasvir / sofosbuvir,B1
ledipasvir / sofosbuvir with ribavirin,X
leflunomide,X
lenalidomide,X
lenograstim,B3
lenvatinib,D
lepirudin,B3
lercanidipine,C
lesinurad,B1
letermovir,B3
letrozole,D
leuprorelin,D
levamisole,B3
levetiracetam,B3
levobunolol,C
levobunolol (ophthalmic),C
levobupivacaine,B3
levocabastine,B3
levocabastine (ophthalmic),B3
levocetirizine,B2
levodopa,B3
levonorgestrel,B3
levonorgestrel / ethinyloestradiol,B3
lidocaine,A
lidocaine,A
lifitegrast,B1
lignocaine (lidocaine),A
lignocaine (lidocaine),A
linagliptin,B3
linagliptin / metformin,C
lincomycin,A
lindane,B3
linezolid,B3
liothyronine,A
lipegfilgrastim,B3
liraglutide (rys),B3
lisdexamfetamine dimesilate,B3
lisinopril,D
lithium salts,D
lixisenatide with insulin glargine,B3
lodoxamide trometamol,B1
lomustine,D
lonoctocog alfa,B2
loperamide,B3
lopinavir with ritonavir,B3
loracarbef,B1
loratadine,B1
lorazepam,C
lorlatinib,D
losartan,D
lumacaftor/ivacaftor,B3
lumiracoxib,C
lurasidone hydrochloride,B1
lutropin alfa,B3
lypressin,B2
macitentan,X
macrogol,B1
malathion,B2
mannitol,B2
maraviroc,B1
mazindol,B3
measles-mumps-rubella vaccine,B2
measles-mumps-rubella-varicella vaccine,B2
mebendazole,B3
mebeverine,B2
mecasermin,B3
medroxyprogesterone (IM contraceptive dose),A
medroxyprogesterone (oral & SC high dose),D
medroxyprogesterone (oral and IM high dose),D
mefenamic acid,C
mefloquine,B3
mefruside,C
megestrol,D
melatonin,B3
meloxicam,C
melphalan,D
memantine,B2
meningococcal group B vaccine,B1
meningococcal group C conjugate vaccine,B2
"meningococcal serogroups A, C, W-135 and Y polysaccharide or conjugate vaccine",B2
mepivacaine,A
mepolizumab,B1
meprobamate,C
mercaptamine bitartrate,B3
mercaptopurine,D
meropenem,B2
mesalazine,C
mesna,B1
mesterolone,X
mestranol,B3
metaraminol,C
metformin,C
methacycline,D
methadone,C
methadone,C
methdilazine,B2
methenamine,A
methenolone,D
methocarbamol,B2
methohexitone,B2
methotrexate,D
methoxsalen,B2
methoxsalen (ECP extracorporeal photopheresis),D
methoxy polyethylene glycol-epoetin beta,B3
methoxyflurane,C
methsuximide,D
methyclothiazide,C
methyl aminolevulinate,B2
methyldopa,A
methylene blue,D
methylnaltrexone,B1
methylphenidate,D
methylphenobarbital,D
methylphenobarbitone (methylphenobarbital),D
methylprednisolone,A
methylprednisolone aceponate,C
methyltestosterone,D
methysergide,C
metoclopramide,A
metolazone,C
metoprolol,C
metronidazole,B2
metyrapone,B2
mexiletine,B1
mezlocillin,B1
mianserin,B2
micafungin,B3
miconazole,A
miconazole,A
midazolam,C
midodrine hydrochloride,C
midostaurin,D
migalastat hydrochloride,B3
miglitol,B3
miglustat,D
milnacipran,B3
milrinone,B3
minocycline,D
minoxidil,C
mirabegron,B3
mirtazapine,B3
misoprostol,X
mitomycin,D
mitozantrone,D
mivacurium,B2
moclobemide,B3
modafinil,D
mogamulizumab,C
molgramostim,B3
mometasone,B3
montelukast,B1
moroctocog alfa (factor VIII - rch),B2
morphine,C
moxifloxacin,B3
moxonidine,B3
"multicomponent meningococcal group B vaccine (recombinant, adsorbed)",B1
mupirocin,B1
mustine,D
mycophenolate mofetil,D
mycophenolic acid,D
nabumetone,C
nadroparin,C
nafarelin,D
nalidixic acid,A
naloxone,B1
naltrexone,B3
nandrolone,D
naproxen,C
naratriptan,B3
natalizumab,C
nateglinide,C
nebivolol,C
nedocromil,B1
nefazodone,B3
nelfinavir,B2
neomycin,D
neostigmine,B2
nepafenac,C
neratinib,D
neratinib maleate,D
netilmicin,D
netupitant / palonosetron,D
nevirapine,B3
nicardipine,C
nicorandil,B3
nicotine,D
nicotinic acid,B2
nicotinic acid,B2
nicotinic acid,B2
nicotinyl alcohol,B1
nifedipine,C
nilotinib,D
nimodipine,C
nintedanib esilate,D
niraparib,D
nisoldipine,C
nitisinone,B3
nitrazepam,C
nitric oxide,B2
nitrofurantoin (short term therapy),A
nitrous oxide,A
nivolumab,D
nizatidine,B3
nomegestrol with estradiol,B3
nonacog alfa (rch),B2
nonacog gamma (rch),B2
nonoxinol 9,A
norelgestromin with ethinylestradiol,B3
norethisterone,D
norfloxacin,B3
nortriptyline,C
nusinersen,B1
nystatin,A
nystatin,A
obeticholic acid,B1
obinutuzumab,C
ocrelizumab,C
ocriplasmin,B2
octocog alfa (factor VIII - rch),B2
octoxinol,A
octreotide,C
oestrone,B1
ofatumumab (rmc),C
ofloxacin,B3
olanzapine,C
olaparib,D
olmesartan,D
olodaterol (olodaterol hydrochloride),B3
olodaterol / tiotropium bromide,B3
olopatadine,B1
olsalazine,C
omalizumab,B1
omega-3-acid ethyl esters 90,B1
omeprazole,B3
onasemnogene abeparvovec,B2
ondansetron,B1
opicapone,B2
opium alkaloids and derivatives,A
"oral contraceptives, combined",B3
orciprenaline,A
orciprenaline,A
orlistat,B1
ornipressin,B3
orphenadrine,B2
oseltamivir,B1
osimertinib,D
oxaliplatin,D
oxandrolone,D
oxazepam,C
oxcarbazepine,D
oxpentifylline (pentoxifylline),B1
oxprenolol,C
oxybuprocaine,D
oxybutynin,B1
oxycodone,C
oxycodone / naloxone,C
oxymetholone,D
oxyquinoline sulfate,A
oxytetracycline,D
oxytocin,A
ozanimod,D
paclitaxel,D
palbociclib,D
palifermin,B3
paliperidone,C
palonosetron,B1
pamidronate,B3
pancuronium,B2
panitumumab,C
panobinostat,D
pantoprazole,B3
papaveretum,C
papaverine,B3
papaverine,B3
paracetamol,A
paracetomol / tramadol,C
paraldehyde,D
parecoxib,C
paricalcitol,C
paritaprevir / ritonavir / ombitasvir,B3
paritaprevir / ritonavir / ombitasvir with ribavirin,X
paritaprevir/ritonavir/ombitasvir/dasabuvir,B3
paritaprevir/ritonavir/ombitasvir/dasabuvir/ribavirin,X
paroxetine,D
pasireotide diaspartate,B3
pasireotide embonate,B3
patiromer (as sorbitex calcium),B1
pazopanib,D
pegaspargase,D
pegfilgrastim,B3
peginterferon alfa-2a,B3
peginterferon alfa-2b,B3
peginterferon beta-1a (rch),D
pegvisomant,B3
pembrolizumab,D
pemetrexed,D
penciclovir,B1
penicillamine,D
penicillamine,D
pentamidine,B3
pentastarch,B3
pentazocine,C
pentobarbitone,C
pentosan polysulfate sodium,B1
pentoxifylline,B1
peramivir,B3
perampanel hemisesquihydrate,B3
perflutren,B3
pergolide,C
perhexiline,B2
periciazine,C
perindopril,D
permethrin,B2
perphenazine,C
pertuzumab,D
pethidine,C
phenelzine,B3
phenindione,D
pheniramine,A
phenobarbital,D
phenobarbitone (phenobarbital),D
phenolphthalein,B2
phenoperidine,C
phenoxybenzamine,B2
phenoxymethylpenicillin,A
phensuximide,D
phentermine,B2
phentolamine,B1
phenylbutazone,C
phenylephrine,B2
phenylephrine,B2
phenylpropanolamine,B2
phenylpropanolamine,B2
phenytoin sodium,D
pholcodine,A
physostigmine,C
pilocarpine,B3
pimecrolimus,B3
pimozide,C
pindolol,C
pioglitazone,B3
pipecuronium,C
piperacillin,B1
piperacillin with tazobactam,B1
piperazine oestrone sulfate (estropipate),B1
piperonyl butoxide,B3
pirfenidone,B3
piroxicam,C
pitavastatin,D
pizotifen,B1
plerixafor,D
plitidepsin,D
"pneumococcal vaccine, 23-valent polysaccharide or 10- or 13-valent conjugate",B2
podophyllotoxin,D
polatuzumab vedotin,D
poliomyelitis vaccine (injection),B2
poliomyelitis vaccine (oral),A
pomalidomide,X
ponatinib (as hydrochloride),D
posaconazole,B3
pralatrexate,D
pramipexole,B3
prasugrel,B1
pravastatin,D
praziquantel,B1
prazosin,B2
prednisolone,A
prednisone,A
pregabalin,B3
prilocaine (with or without felypressin),A
primaquine phosphate,D
primidone,D
probenecid,B2
probucol,B1
procainamide,B2
procaine benzylpenicillin,A
procaine hydrochloride,B2
procaine penicillin (procaine benzylpenicillin),A
procarbazine,D
prochlorperazine,C
procyclidine,A
progesterone,A
progestogen only contraceptives,B3
proguanil,B2
promazine,C
promethazine,C
promethazine,C
propantheline,B2
propantheline,B2
propofol,C
propranolol,C
propylthiouracil,C
protamine,B2
protein c (human),B2
protriptyline,C
proxymetacaine,B2
prucalopride,B1
pseudoephedrine,B2
pseudoephedrine,B2
pyrantel embonate,B2
pyrazinamide,B2
pyrethrins,B2
pyridostigmine,C
pyrimethamine,B3
Q fever vaccine,B2
quetiapine,C
quinagolide,B3
quinapril,D
quinethazone,C
quinidine,C
quinine,D
quinine (treatment),D
rabeprazole,B1
rabies vaccine,B2
radium (223Ra) dichloride,X
raloxifene,X
raltegravir,B3
raltitrexed,D
ramipril,D
ramucirumab (rmc),D
ranibizumab,D
ranitidine,B1
rasagiline,B3
rasburicase,B2
ravulizumab,B2
reboxetine,B1
regorafenib,D
remdesivir,B2
remifentanil,C
repaglinide,C
reteplase,C
retigabine,B3
ribavirin,X
ribociclib,D
rifabutin,C
rifampicin,C
rifaximin,B1
rilpivirine,B1
riluzole,B3
rimiterol,A
rimiterol,A
riociguat,X
ripretinib,D
risankizumab,B1
risedronate,B3
risperidone,C
ritonavir,B3
rituximab,C
rivaroxaban,C
rivastigmine,B2
rizatriptan,B1
rocuronium,B2
rofecoxib,C
romidepsin,D
romiplostim,B3
romosozumab,B3
ropinirole,B3
ropivacaine,B1
rosiglitazone,B3
rosiglitazone / metformin,C
rosuvastatin,D
rosuvastatin / ezetimibe,D
rotavirus vaccine,B2
rotigotine,B3
roxithromycin,B1
rufinamide,B3
rurioctocog alfa pegol,B2
ruxolitinib phosphate,C
safinamide (as mesilate),B3
salbutamol,A
salbutamol,A
salbutamol,A
salcatonin (calcitonin salmon),B2
salmeterol,B3
salmeterol,B3
samarium [153Sm],D
saponins,A
sapropterin,B1
saquinavir,B1
satralizumab,C
saxagliptin,B3
saxagliptin / metformin,C
sebelipase alfa,B1
secukinumab (rch),C
selegiline,B2
selexipag,B1
semaglutide,D
senna,A
sertindole,C
sertraline,C
sevelamer,B3
sevoflurane,B2
sibutramine,C
sildenafil citrate,B1
silodosin,B3
siltuximab,C
simeprevir,B3
simeprevir with ribavirin and peginterferon alfa,X
simvastatin,D
siponimod,D
sirolimus,C
sitagliptin,B3
sitagliptin / metformin,C
sitaxentan,X
smallpox (Vaccinia) vaccine,D
sodium aurothiomalate,B2
sodium cromoglycate,A
sodium fusidate (fusidic acid),C
sodium nitroprusside,C
sodium phenylbutyrate,B3
sodium phosphate [32P],X
sodium salicylate,C
sodium valproate (valproic acid),D
sofosbuvir,B1
sofosbuvir / velpatasvir / voxilaprevir,B1
sofosbuvir / velpatasvir,B1
sofosbuvir / velpatasvir with ribavirin,X
sofosbuvir with peginterferon alfa and ribavirin,X
sofosbuvir with ribavirin,X
solifenacin,B3
somatropin,B2
sorafenib,D
sotalol,C
spectinomycin,B1
spironolactone,B3
spironolactone,B3
stavudine,B3
stiripentol,B3
streptokinase,C
strontium ranelate,B3
sucralfate,B1
sucroferric oxyhydroxide,B3
sugammadex,B2
sulesomab,B2
sulfacetamide,C
sulfadiazine,C
sulfadoxine,C
sulfamethizole,C
sulfamethoxazole,C
sulfasalazine,A
sulfinpyrazone,B2
sulindac,C
sulthiame,D
sumatriptan,B3
sunitinib,D
susoctocog alfa,B2
suxamethonium,A
tacrine,C
tacrolimus,C
tadalafil,B1
tafamidis,D
tafenoquine,C
tafluprost,B3
talimogene laherparepvec (rmv),C
tamoxifen,B3
tamsulosin,B2
tapentadol,C
tasonermin,D
tazarotene,D
technetium [99mTc],C
technetium [99mTc] albumin aggregated,C
technetium [99mTc] bicisate,C
teduglutide,B1
tegafur,D
tegaserod,B3
teicoplanin,B3
telaprevir,B2
telbivudine,B1
telmisartan,D
telotristat ethyl (as etiprate),B3
temazepam,C
temozolomide,D
temsirolimus,D
tenecteplase,C
teniposide,D
tenofovir,B3
tenofovir disoproxil fumarate / emtricitabine / elvitegravir / cobicistat,B3
tenoxicam,C
terazosin,B2
terazosin,B2
terbinafine,B1
terbutaline,A
terbutaline,A
terfenadine,B2
teriflunomide,X
teriparatide,B3
terlipressin,D
testosterone,D
tetrabenazine,B3
tetracaine,B2
tetracosactide,D
tetracosactrin (tetracosactide),D
tetracycline,D
tezacaftor / ivacaftor,B3
thalidomide,X
theophylline and derivatives,A
thiabendazole,B3
thiethylperazine,C
thiopentone,A
thiopropazate,C
thioridazine,C
thiotepa,D
thiothixene,C
thrombin,B2
thyrotrophin,B2
thyrotropin alfa,B2
thyroxine,A
tiagabine,B3
tiaprofenic acid,C
tibolone,D
ticarcillin,B2
ticlopidine,B1
tigecycline,D
tildrakizumab,B1
tilmanocept,C
tiludronate disodium,B2
timolol,C
timolol (ophthalmic),C
tinidazole,B3
tinzaparin,C
tioguanine,D
tiotropium,B1
tipranavir,B3
tirilazad,B2
tirofiban hydrochloride,B1
tobramycin,D
tocilizumab (rch),C
tofacitinib (as citrate),D
tolazamide,C
tolbutamide,C
tolcapone,B3
tolterodine,B3
tolvaptan,D
topiramate,D
topotecan,D
toremifene,B3
tramadol,C
trametinib dimethyl sulfoxide,D
trandolapril,D
tranexamic acid,B1
tranylcypromine,B2
trastuzumab,D
trastuzumab emtansine (rch),D
travoprost,B3
travoprost / timolol,C
treprostinil,B3
tretinoin,D
tretinoin (oral),X
triamcinolone (inhaled),B3
triamcinolone (systemic),A
triamcinolone (topical),A
triamterene,C
triazolam,C
trientine,D
trifarotene,D
trifluoperazine,C
trifluridine / tipiracil hydrochloride,D
trihexyphenidyl,B1
trimeprazine (alimemazine),C
trimethoprim,B3
trimipramine,C
triprolidine,A
triptorelin,D
troglitazone,B3
tropicamide,B2
tropisetron,B3
trovafloxacin,B3
tubocurarine,C
typhoid vaccine (killed),B2
"typhoid vaccine (live attenuated, oral)",B2
umeclidinium bromide,B1
umeclidinium bromide / fluticasone furoate / vilanterol trifenatate,B3
umeclidinium bromide / vilanterol trifenatate,B3
unoprostone isopropyl,B3
upadacitinib,D
urea [13C],B2
urofollitrophin,B2
urokinase,B1
ursodeoxycholic acid,B3
ustekinumab,B1
valaciclovir,B3
valdecoxib,C
valganciclovir,D
valsartan,D
valsartan / hydrochlorothiazide,D
valsartan / sacubitril,D
vancomycin,B2
vandetanib,D
vardenafil,B3
varenicline,B3
varicella vaccine,B2
vasopressin,B2
vecuronium,C
vedolizumab (rch),B2
velaglucerase alfa,B2
vemurafenib,D
venetoclax,C
venlafaxine,B2
verapamil,C
verteporfin,B3
vigabatrin,D
vildagliptin,B3
vildagliptin / metformin,C
vinblastine,D
vincristine,D
vindesine,D
vinflunine,D
vinorelbine tartrate,D
vismodegib,X
vitamin A,D
voretigene neparvovec,B2
voriconazole,B3
vorinostat,D
warfarin,D
ximelagatran,C
yellow fever vaccine (live attenuated),B2
zafirlukast,B1
zalcitabine,D
zaleplon,C
zanamivir,B1
zidovudine,B3
ziprasidone,C
zoledronic acid,B3
zolmitriptan,B3
zolpidem tartrate,B3
zonisamide,D
zopiclone,C
zoster vaccine,B2
zuclopenthixol,C
(Micronized) Progesterone ,1등급
3'-Deoxy-3'-Fluorothymidine(18F),2등급
Abacavir,2등급
Abatacept,2등급
Abiraterone,1등급
Acamprosate,2등급
Acarbose,2등급
Aceclofenac,2등급
Acemetacin,2등급
Acetazolamide,2등급
Acipimox,2등급
Acitretin,1등급
Aflibercept,2등급
Alacepril?,2등급
Albendazole,2등급
Alemtuzumab,2등급
Alendronate,2등급
Aliskiren,2등급
Allylestrenol,1등급
Almotriptan,2등급
Alogliptin,2등급
Alprazolam,2등급
Alprostadil,1등급
Altretamine,2등급
Amantadine,2등급
Ambrisentan,1등급
Amfenac,2등급
Amikacin,2등급
Amiloride,2등급
Aminolevulinic Acid,2등급
Aminophylline,2등급
Amiodarone,2등급
Amisulpride,2등급
Amitriptyline,2등급
Amlodipine ,2등급
Amosulalol,2등급
Amoxapine,2등급
Amsacrine,2등급
Anastrozole ,1등급
Anidulafungin,2등급
Aripiprazole,2등급
Arotinolol,2등급
Arsenic trioxide,2등급
Artesunate,2등급
Aspirin,2등급
Atenolol (S-atenolol포함),2등급
Atomoxetine,2등급
Atorvastatin,1등급
Auranofin,2등급
Axitinib,2등급
Azacitidine,2등급
Azathioprine,2등급
Azelastine,2등급
Azosemide,2등급
Balofloxacin,2등급
Barnidipine,2등급
Basiliximab,2등급
Bazedoxifene,1등급
Beclomethasone,2등급
Belimumab,2등급
Belotecan,2등급
Benazepril,2등급
Bendamustine,2등급
Benexate,2등급
Benidipine,2등급
Benserazide,2등급
Benzbromarone,2등급
Benztropine,2등급
Benzydamine ,2등급
Bepotastine,2등급
Beraprost,2등급
Betamethasone,2등급
Betaxolol,2등급
Bethanechol,2등급
Bevacizumab,2등급
Bevantolol,2등급
Bezafibrate,2등급
Bicalutamide,1등급
Bisoprolol,2등급
Bleomycin,2등급
Blonanserin,2등급
Bortezomib,2등급
Bosentan,1등급
Bromazepam,2등급
Bromfenac,2등급
Bromperidol,2등급
Brompheniramine,2등급
Bucillamine,2등급
Bumetanide,2등급
Buprenorphine,2등급
Buserelin,1등급
Busulfan,2등급
Butorphanol,2등급
Cabazitaxel,2등급
Cadralazine,2등급
Calcitriol,2등급
Camostat,2등급
Canagliflozin,2등급
Candesartan,2등급
Capecitabine,2등급
Captopril,2등급
Carbamazepine,2등급
Carbidopa,2등급
Carbimazole,2등급
Carboplatin,2등급
Carmofur,2등급
Carmustine,2등급
Carteolol,2등급
Carvedilol,2등급
Celecoxib,2등급
Celiprolol,2등급
Cetrorelix,1등급
Cetuximab,2등급
Chlorambucil,2등급
Chlordiazepoxide,2등급
Chlormadinone,1등급
Chloroquine,2등급
Chlorpromazine,2등급
Chlorprothixene,2등급
Chlorthalidone,2등급
Cilazapril,2등급
Cilnidipine,2등급
Cilostazol,2등급
Cinacalcet,2등급
Cinnoxicam,2등급
Ciprofibrate,2등급
Ciprofloxacin,2등급
Cisplatin,2등급
Cladribine,2등급
Clinofibrate,2등급
Clobazam,2등급
Clofarabine,2등급
Clofibrate,2등급
Clomiphene ,1등급
Clomipramine,2등급
Clonazepam,2등급
Clonidine,2등급
Clonixin,2등급
Clorazepate,2등급
Clotiazepam,2등급
Clozapine,2등급
Colchicine,2등급
Conjugated Estrogen ,1등급
Crizotinib,2등급
Cyclofenil,1등급
Cyclophosphamide,2등급
Cyclosporin,2등급
Cyproheptadine,2등급
Cyproterone,1등급
Cytarabine,2등급
Dabigatran,2등급
Dacarbazine,2등급
Dactinomycin,2등급
Danazol,1등급
Dapagliflozin,2등급
Dasatinib,2등급
Daunorubicin,2등급
Decitabine,2등급
Deferiprone,2등급
Deflazacort,2등급
Degarelix,2등급
Delapril,2등급
Denopamine,2등급
Dexamethasone,2등급
Dexbrompheniramine,2등급
Dexibuprofen ,2등급
Dexketoprofen,2등급
Dexmedetomidine,2등급
Diazepam,2등급
Diclofenac,2등급
Dienogest,2등급
Diflunisal,2등급
Dihydroergotamine,1등급
Diltiazem,2등급
Diphenylpyraline,2등급
Etidronate,2등급
Docetaxel,2등급
Domperidone,1등급
Doripenem,2등급
Dothiepin,2등급
Doxazosin,2등급
Doxifluridine,2등급
Doxorubicin,2등급
Doxycycline,2등급
D-Penicillamine,2등급
Dronedarone,2등급
Dutasteride,1등급
Dydrogesterone,1등급
Ebastine,2등급
Efavirenz,2등급
Efonidipine,2등급
Emorfazone,2등급
Empagliflozin,2등급
Enalapril,2등급
Enocitabine,2등급
Enoxacin,2등급
Entacapone,2등급
Epinastine,2등급
Epinephrine,2등급
Epirubicin,2등급
Eprosartan,2등급
Eribulin,2등급
Erlotinib,2등급
Esmolol,2등급
Estradiol,1등급
Estramustine,1등급
Estriol,2등급
Estropipate,1등급
Ethinyl estradiol,1등급
Ethosuximide,2등급
Ethyl Loflazepate,2등급
Etizolam,2등급
Etodolac,2등급
Etofibrate,2등급
Etoposide,2등급
Everolimus,2등급
Exemestane,1등급
Exenatide,2등급
Ezetimibe,2등급
Febuxostat,2등급
Felodipine,2등급
Fenofibrate,2등급
Fenoprofen,2등급
Fentanyl,2등급
Fesoterodine,2등급
Fexofenadine,2등급
Fimasartan,2등급
Finasteride,1등급
Fingolimod,1등급
Flecainide,2등급
Fleroxacin,2등급
Fluconazole,2등급
Fludarabine,2등급
Fludrocortisone,2등급
Flufenamic acid ,2등급
Flunarizine,2등급
Flunitrazepam,2등급
Fluoropropyl-CIT,2등급
Fluorouracil,1등급
Fluoxymesterone,1등급
Flurazepam,2등급
Flurbiprofen,2등급
Flutamide,1등급
Fluticasone,2등급
Fluvastatin,1등급
"Follicle-stimulating hormone (follitropin, follitropin alfa, follitropin beta, corifollitropin alfa, urofollitropin)",1등급
Fosinopril,2등급
Fosphenytoin,2등급
Frovatriptan,2등급
Fulvestrant,2등급
Furosemide,2등급
Gabexate,2등급
Gadobutrol,2등급
Gadolinium/EOB-DTPA,2등급
Ganciclovir,2등급
Ganirelix,1등급
Gatifloxacin,2등급
Gefitinib,2등급
Gemcitabine,2등급
Gemfibrozil,2등급
Gemifloxacin,2등급
Gemigliptin,2등급
Gentamicin,2등급
Gestrinone,2등급
Glatiramer,2등급
Glibenclamide,2등급
Gliclazide,2등급
Glimepiride,2등급
Glipizide,2등급
Glucametacin,2등급
Golimumab,2등급
Goserelin,2등급
Griseofulvin,2등급
Haloperidol,2등급
"Heptaplatin
=Eptaplatin",2등급
Hydralazine,2등급
Hydrocortisone,2등급
Hydroxychloroquine,2등급
Hydroxyprogesterone,1등급
Hydroxyurea,2등급
Hydroxyzine,2등급
Ibandronic acid,2등급
Ibritumomab,2등급
Ibuprofen,2등급
Idarubicin,2등급
Ifosfamide,2등급
Iguratimod,2등급
Ilaprazole,2등급
Iloprost,2등급
Imatinib,2등급
Imidafenacin,2등급
Imidapril,2등급
Imidazole salicylate ,2등급
Imipramine,2등급
Inamrinone,2등급
Indacaterol,2등급
Indomethacin,2등급
Insulin degludec,2등급
Insulin degludec/Insulin aspart,2등급
Insulin glargine,2등급
Insulin glulisine,2등급
Interferon beta-1a,2등급
Interferon beta-1b,2등급
Interleukin-2(=aldesleukin),2등급
Ipragliflozin,2등급
Irbesartan,2등급
Irinotecan,2등급
Isoflurane,2등급
Unoprostone,2등급
Isosorbide Dinitrate,2등급
Isosorbide Mononitrate,2등급
Isotretinoin,1등급
Isradipine,2등급
Itraconazole,2등급
Ivabradine,2등급
Ixabepilone,2등급
Kanamycin,2등급
Ketoconazole,2등급
Ketoprofen,2등급
Ketorolac,2등급
Lacidipine,2등급
Lacosamide,2등급
Lamotrigine,2등급
Lanreotide,2등급
Lapatinib,2등급
L-Asparaginase,2등급
Leflunomide,1등급
Lenalidomide,1등급
Lercanidipine,2등급
Letrozole,1등급
"Leuprorelin 
=Leuprolide acetate",2등급
Levetiracetam,2등급
Levodopa,2등급
Levofloxacin,2등급
Levomepromazine,2등급
Levonorgestrel,1등급
Limaprost,1등급
Linagliptin,2등급
Liraglutide,2등급
Lisinopril,2등급
Lithium carbonate,2등급
Lixisenatide,2등급
Lobeglitazone,2등급
Lomefloxacin,2등급
Lonazolac,2등급
Lorazepam,2등급
Lornoxicam,2등급
Losartan,2등급
Loteprednol,2등급
Lovastatin,1등급
Loxoprofen,2등급
Magnesium salicylate,2등급
Manidipine,2등급
Mebendazole,2등급
Meclofenamic acid,2등급
Medroxyprogesterone,1등급
Mefenamic acid,2등급
Mefloquine,2등급
Megestrol,1등급
Meloxicam,2등급
Melphalan,2등급
Menotrophin,1등급
Mercaptopurine,2등급
Metformin,2등급
Methacycline,2등급
Methimazole,2등급
Methotrexate,1등급
Methylene blue,1등급
Methylergometrine,1등급
Methylprednisolone,2등급
Metoprolol,2등급
Mexazolam,2등급
Micronized macitentan,1등급
Midazolam,2등급
Miglustat,1등급
Minocycline,2등급
Minoxidil,2등급
Mirabegron,2등급
Misoprostol,1등급
Mitiglinide,2등급
Mitomycin C,1등급
Mitotane,2등급
Mitoxantrone,2등급
Mizoribine,2등급
Modafinil,2등급
Moexipril,2등급
Molindone,2등급
Morniflumate ,2등급
Morphine ,2등급
Moxifloxacin,2등급
Moxonidine,2등급
Mycophenolate ,2등급
Nabumetone,2등급
Nadolol,2등급
Nafamostat,2등급
Nalbuphine,2등급
Nalidixic acid,2등급
Nandrolone,1등급
Naproxen,2등급
Naratriptan,2등급
Nateglinide,2등급
Nebivolol,2등급
Nefopam ,2등급
Nemonapride,2등급
Neomycin,2등급
Netilmicin,2등급
Nicardipine,2등급
Nicotine,2등급
"Nicotinic acid
=Niacin",2등급
Nifedipine,2등급
Nilotinib monohydrate,2등급
Nilvadipine,2등급
Nimesulide ,2등급
Nimodipine,2등급
Nimustine,2등급
Nipradilol,2등급
Nisoldipine,2등급
Nitrendipine,2등급
Nitroprusside,2등급
Norepinephrine,2등급
"Norethisterone(EP)
=Norethindrone(USP)",1등급
Norethisterone+ estradiol,1등급
Norfloxacin,2등급
Nortriptyline,2등급
Ofloxacin,2등급
Olanzapine,2등급
Olmesartan,2등급
Olopatadine,2등급
Olpadronate,2등급
Orphenadrine,2등급
Oxaliplatin,2등급
Oxandrolone,1등급
Oxaprozin,2등급
Oxatomide,2등급
Oxcarbazepine,2등급
Oxiracetam,2등급
Oxymetholone,1등급
Oxytetracycline,2등급
Oxytocin,1등급
Paclitaxel,2등급
Paliperidone,2등급
Pamidronate,2등급
Panitumumab,2등급
Paroxetine,2등급
Pazopanib,2등급
Pazufloxacin,2등급
Pelubiprofen,2등급
Pemetrexed,2등급
Pemirolast,2등급
Penbutolol,2등급
Pentazocine,2등급
Pentobarbital,2등급
Pentostatin,2등급
Peramivir,2등급
Perfluoro-n-butane,2등급
Perindopril,2등급
Perphenazine,2등급
Pertuzumab,2등급
Pethidine,2등급
Pheniramine,2등급
Phenobarbital,2등급
Phentolamine,2등급
Phenytoin ,2등급
Pilsicainide,2등급
Pimozide,2등급
Pinazepam,2등급
Pioglitazone,2등급
Pipemidic acid,2등급
Piroxicam,2등급
Pitavastatin,1등급
Plerixafor,2등급
Polaprezinc,2등급
Porfimer Sodium,2등급
Potassium iodide,2등급
Pralatrexate,2등급
Pramipexole,2등급
Pranlukast,2등급
Pranoprofen,2등급
Pravastatin,1등급
Prednisolone,2등급
Pregabalin,2등급
Primaquine,1등급
Primidone,2등급
Probucol,2등급
Proglumetacin,2등급
Propacetamol,2등급
Propafenone,2등급
Propranolol,2등급
Propylthiouracil,2등급
Prucalopride,2등급
Prulifloxacin ,2등급
Pyrazinobutazone ,2등급
Pyronaridine,2등급
Quetiapine,2등급
Quinapril,2등급
Quinidine,2등급
Quinupramine,2등급
Radotinib,2등급
Raloxifen,1등급
Raltegravir,2등급
Ramipril,2등급
Ranibizumab,2등급
Rasagiline,2등급
Regorafenib,2등급
Repaglinide,2등급
Retapamulin,2등급
Ribavirin,1등급
Riluzole,2등급
Risedronate,2등급
Risperidone,2등급
Rituximab,2등급
Rivaroxaban,2등급
Roflumilast,2등급
Ropinirole,2등급
Rosuvastatin,1등급
Rotigotine,2등급
Salsalate,2등급
Sarpogrelate,2등급
Saxagliptin,2등급
Selegiline,2등급
Senna ex.,2등급
Sennoside,2등급
Simvastatin,1등급
Sitagliptin,2등급
Sodium iodide (I-131),1등급
Sodium salicylate,2등급
Sorafenib,2등급
Sotalol,2등급
Sparfloxacin,2등급
Spironolactone,2등급
Stanozolol,1등급
Streptococcus pyogenes,2등급
Streptomycin,2등급
Strontium ranelate,2등급
Sulfadoxine + pyrimethamine,2등급
Sulindac,2등급
Sulpiride,2등급
Sumatriptan,2등급
Sunitinib,2등급
Tacrolimus,2등급
Tafluprost,2등급
Talniflumate,2등급
Tamoxifen,2등급
Tegafur,2등급
Tegafur + Uracil 배합제,2등급
Tegafur +Gimeracil+Oteracil potassium,2등급
Telmisartan,2등급
Temocapril,2등급
Temozolomide,2등급
Temsirolimus,2등급
Teneligliptin,2등급
Tenoxicam,2등급
Terlipressin,2등급
Testosterone,1등급
Tetracycline ,2등급
Thalidomide,1등급
Thiocolchicoside,2등급
Thiocolchicoside + Aescin,2등급
Thiotepa,2등급
Thiothixene,2등급
"Thymopentin
=Thymopoietin
=Thymus hormone",2등급
Tiaprofenic acid,2등급
Tibolone,1등급
Ticagrelor,2등급
Tigecycline,2등급
Tobramycin,2등급
Tocilizumab,2등급
Tolfenamic acid,2등급
Tolmetin,2등급
Tolvaptan,2등급
Topiramate,2등급
Topotecan,2등급
Toremifene,2등급
Torsemide,2등급
Tosufloxacin,2등급
Trabectedin,2등급
Trafermin,2등급
Tramadol ,2등급
Tranilast,2등급
Trastuzumab,2등급
Travoprost,2등급
Treprostinil,2등급
Tretinoin,1등급
Triamcinolone,2등급
Triamterene,2등급
Triazolam,1등급
Trifluoperazine,2등급
Triptorelin,1등급
Tropisetron,2등급
Ubenimex,2등급
Ulipristal,1등급
Valganciclovir,2등급
Valproic acid,2등급
Valsartan,2등급
Vemurafenib,2등급
Verapamil,2등급
Vigabatrin,2등급
Vildagliptin,2등급
Vinblastine,2등급
Vincristine,2등급
Vinorelbine,2등급
Vismodegib,2등급
Vitamin A(레티놀) 함유제제,1등급
Voglibose,2등급
Voriconazole,2등급
Vorinostat,2등급
Warfarin,1등급
Zaltoprofen,2등급
Ziprasidone,2등급
Zofenopril,2등급
Zoledronic acid,2등급
Zolmitriptan,2등급
Zonisamide,2등급
Zotepine,2등급
Zuclopenthixol,2등급
Tofacitinib,2등급
Etoricoxib,2등급
Tapentadol,2등급
Afatinib,2등급
Tertomotide,2등급
Denosumab,1등급 
Florbetaben (18F),2등급
Umeclidinium + Vilanterol,2등급
Bupropion,2등급
Loratadine,2등급
Alitretinoin,1등급
Clarithromycin,2등급
Dirithromycin,2등급
Erythromycin,2등급
Erythromycin + Acetylsulfisoxazole,2등급
Erythromycin + Colistin ,2등급
Kitasamycin,2등급
Midecamycin,2등급
Rokitamycin,2등급
Roxithromycin,2등급
Arbekacin,2등급
Astromicin,2등급
Isepamicin,2등급
Micronomicin,2등급
Ribostamycin,2등급
Sisomicin,2등급
Teicoplanin,2등급
Vancomycin ,2등급
Clindamycin,2등급
Clindamycin + Benzoyl Peroxide,2등급
Lincomycin ,2등급
Chloramphenicol ,1등급
Chloramphenicol + Dexamethasone + Tetrahydrozoline,2등급
Thiamphenicol,2등급
Pefloxacin,2등급
Ertapenem,2등급
Imipenem + Cilastatin,2등급
Meropenem,2등급
Panipenem + Betamipron,2등급
Aztreonam,2등급
Colistin,2등급
Fusidic Acid,2등급
Linezolid,2등급
Rifaximin,2등급
Spectinomycin,2등급
Avanafil,1등급
Mirodenafil,1등급
Sildenafil,1등급
Tadalafil,1등급
Udenafil,1등급
Vardenafil,1등급
Ephedrine,2등급
Terbutaline,2등급
Edoxaban,2등급
Codeine,2등급
Mesalazine ,2등급
Olodaterol + Tiotropium,2등급
Flutemetamol (18F),2등급
Lenvatinib,2등급
Perampanel,2등급
Polmacoxib,2등급
Lorcaserin,1등급
Secukinumab,2등급
Albiglutide,2등급
Anagliptin,2등급
Dulaglutide,2등급
Evogliptin,2등급
Ramucirumab,2등급
Propofol,2등급
Tedizolid,2등급
Zabofloxacin,2등급
Daclatasvir,2등급
Sofosbuvir,2등급
Ledipasvir + Sofosbuvir,2등급
St. John’s Wort,2등급
Mometasone,2등급
Esomeprazole,2등급
Lansoprazole,2등급
Dexlansoprazole,2등급
Rabeprazole,2등급
Pantoprazole,2등급
S-pantoprazole,2등급
Alclometasone,2등급
Strontium chloride,1등급
Dimethyl fumarate,2등급
Sacubitril·Valsartan,1등급
Nintedanib,1등급
Pasireotide,2등급
Elotuzumab,2등급
Nivolumab,2등급
Olmutinib ,2등급
Palbociclib,2등급
Pembrolizumab,2등급
Ruxolitinib,2등급
Etonogestrel,1등급
Choriogonadotropin α,1등급
Human chorionic gonadotropin ,1등급
Lutropin α,1등급
Darbepoetin α,2등급
Erythropoietin,2등급
Methoxy polyethylene glycol-epoetin β,2등급
Octreotide,2등급
Carbetocin,1등급
Dinoprostone,1등급
Sulprostone,1등급
Ritodrine,2등급
Alfuzosin,2등급
Tamsulosin,2등급
Terazosin,2등급
Diethylpropion,1등급
Mazindol,1등급
Phendimetrazine,1등급
Phentermine,1등급
Naltrexone + Bupropion,1등급
Orlistat,1등급
Naltrexone,2등급
2-Deoxy-2-fluoro-D-glucose (18F),2등급
6-Fluoro-(18F)-L-dopa,2등급
Sodium Fluoride (18F),2등급
N-(3-Fluorpropyl)-2β-carboxy-methoxy-3β-(4-[123I]iodophenyl)-tropane,1등급
N-Isopropyl-4-iodoamphetamine (123I),1등급
3-Iodobenzylguanidine (123I),1등급
3-Iodobenzylguanidine (131I),1등급
6β-Iodomethyl-19-norcholest-5(10)-en-3β-ol (131I),1등급
Sodium Molybdate (99Mo)+Sodium Pertechnetate (99mTc),2등급
Betiatide,2등급
Mertiatide,2등급
Dimercapto Succinic Acid,2등급
Disodium Oxidronate,2등급
Exametazime,2등급
Mebrofenin,2등급
Methylenediphosphonic Acid,2등급
Pentetic Acid,2등급
Sodium Phytate,2등급
Sodium Pyrophosphate,2등급
Tetrakis (2-Methoxyisobutylisonitrile) Copper(I) Tetrafluoroborate,2등급
"Tetrasodium 3,3-diphosphono-propane-1,2-dicarboxylate",2등급
Tetrofosmin,2등급
Ammonia (13N),2등급
Chromium (51Cr) Edetate,2등급
Gallium Citrate (67Ga),2등급
Radium Dichloride (223Ra),1등급
Sodium Chromate (51Cr),2등급
Thallium (201Tl) Chloride,2등급
Urea (14C),2등급
Yttrium (90Y) Chloride,2등급
Freeze-dried BCG Vaccine,1등급
Inactivated Hantaan Virus,2등급
Live Attenuated Influenza virus Type A (H1N1)+Live Attenuated Influenza virus Type A (H3N2)+Live Attenuated Influenza virus Type B,1등급
Purified Inactivated Influenza Antigen (H5N1),2등급
Live Attenuated Japanese Encephalitis Vaccine,1등급
Live attenuated Measles Vaccine+Live Mumps Vaccine +Live Attenuated Rubella Vaccine,1등급
Live Salmonella Typhoid Ty21a Strain,1등급
Vaccinia Virus,1등급
Live Attenuated Varicella-Zoster Vaccines,1등급
Bupivacaine,2등급
Levobupivacaine,2등급
Teriflunomide,1등급
Enzalutamide,1등급
Osimertinib,2등급
Vandetanib,2등급
Anagrelide,2등급
BCG Strain Tice,2등급
Mifamurtide,2등급
Levosulpiride,2등급
Somatostatin,2등급
Somatropin,2등급
Teriparatide,2등급
Prednisone,2등급
Promestriene,2등급
Tolterodine,2등급
Lindane,2등급
Alfatradiol,2등급
Eculizumab,2등급
"Human papillomavirus(types 6, 11, 16, 18, 31, 33, 45, 52, 58) L1 protein",2등급
Elbasvir+Grazoprevir,2등급
Rupatadine fumarate,2등급
Apremilast,1등급
Baricitinib,2등급
Ixekizumab,2등급
Azilsartan medoxomil potassium,2등급
Alirocumab,2등급
Evolocumab,2등급
Besifovir dipivoxil maleate,2등급
Atezolizumab,2등급
Carfilzomib,2등급
Panobinostat lactate,2등급
Ombitasvir+Paritaprevir+Ritonavir,2등급
Sevoflurane,2등급
Ginkgo biloba leaf extract,2등급
Dihydrocodeine,2등급
Hydrocodone,2등급
Hydromorphone,2등급
Oxycodone,2등급
Alfentanil,2등급
Remifentanil,2등급
Sufentanil,2등급
Desflurane,2등급
Etomidate,2등급
Ketamine,2등급
Thiopental,2등급
Chloral hydrate,2등급
Doxepin,2등급
Quazepam,2등급
Zolpidem,2등급
Gabapentin,2등급
Rufinamide,2등급
Isopropylantipyrine,2등급
Methylphenidate,2등급
Donepezil,2등급
Fampridine,2등급
Galantamine,2등급
Memantine,2등급
Nalfurafine,2등급
Rivastigmine,2등급
Sulfamethoxazole+Trimethoprim,2등급
Posaconazole,2등급
Caspofungin,2등급
Micafungin,2등급
Cycloserine,2등급
Delamanid,2등급
Rifampicin,2등급
Isoniazid,2등급
Ethambutol,2등급
Pyrazinamide,2등급
Lamivudine,2등급
Adefovir,2등급
Entecavir,2등급
Atovaquone+Proguanil,2등급
Cobicistat+Elvitegravir+Emtricitabine+Tenofovir alafenamide,2등급
Cobicistat+Elvitegravir+Emtricitabine+Tenofovir disoproxil,2등급
Dolutegravir,2등급
Theophylline,2등급
Levodropropizine,2등급
Procaterol,2등급
Bambuterol,2등급
Clenbuterol,2등급
Formoterol,2등급
Fenoterol,2등급
Salbutamol ,2등급
Tiotropium,2등급
Isoproterenol,2등급
Naloxone,2등급
Pirfenidone,2등급
Pseudoephedrine,2등급
S-Amlodipine ,2등급
Midodrine ,2등급
Calcium dobesilate,2등급
Alteplase,2등급
Tenecteplase,2등급
Urokinase,2등급
Streptokinase,2등급
Streptokinase/Streptodornase,2등급
Argatroban,2등급
Dopamine ,2등급
Milrinone,2등급
Pentoxifylline,2등급
Ibudilast,2등급
Protirelin,2등급
Lanthanum carbonate,2등급
Sevelamer ,2등급
Alglucosidase α,2등급
Rasburicase,2등급
Miglitol ,2등급
Vasopressin,2등급
Elcatonin,2등급
Liothyronine,2등급
Thyrotropin alfa,2등급
Fenticonazole,2등급
Dimethyl sulfoxide,2등급
Propiverine ,2등급
Solifenacin ,2등급
Silver sulfadiazine,2등급
Mafenide acetate,2등급
Clobetasol propionate,2등급
Diflucortolone valerate,2등급
Fluocinonide,2등급
Desoximetasone,2등급
Halcinonide,2등급
Diflorasone diacetate,2등급
Clobetasone butyrate,2등급
Prednicarbate,2등급
Desonide,2등급
Crotamiton,2등급
Terbinafine,2등급
Tioconazole,2등급
Cadexomer iodine,2등급
Potassium iodide + Sodium iodide,2등급
Difluprednate,2등급
Irsogladine,2등급
Lafutidine,2등급
Nizatidine,2등급
Roxatidine,2등급
Magnesium carbonate + Citric acid,2등급
Aprepitant,2등급
Fosaprepitant,2등급
Dimenhydrinate,2등급
Granisetron,2등급
Ondansetron,2등급
Palonosetron,2등급
Palonosetron + Netupitant,1등급
Ramosetron,2등급
Chenodeoxycholic acid + Ursodeoxycholic acid,1등급
Loperamide,2등급
Berberine,1등급
Bismuth subsalicylate + Calcium carbonate p.p.t.,2등급
Bisacodyl,2등급
Sodium picosulfate,2등급
Agiolax,2등급
Docusate,2등급
Glycerin,2등급
Liquid paraffin,2등급
Metoclopramide,2등급
Pinaverium,2등급
Mebeverine,2등급
Balsalazide,2등급
Sodium phenylbutyrate,2등급
Clevudine,2등급
Lidocaine,2등급
Mepivacaine,2등급
Ropivacaine,2등급
Procaine,2등급
Atracurium,2등급
Cisatracurium,2등급
Baclofen,2등급
Cyclobenzaprine,2등급
Dantrolene,2등급
Methocarbamol,2등급
Suxamethonium,2등급
Tizanidine,2등급
Tolperisone,2등급
Atropine,2등급
Oxybutynin,2등급
Tofisopam,2등급
Magnesium sulfate,2등급
Scopolamine hydrobromide,2등급
Trospium ,2등급
Ethanol,2등급
Enviomycin,2등급
Rifabutin,2등급
Prothionamide,2등급
Clofazimine,2등급
Dapsone,2등급
Tenofovir alafenamide,2등급
Zidovudine,2등급
Nevirapine,2등급
Nelfinavir,2등급
Enfuvirtide,2등급
Maraviroc,2등급
Cobicistat + Atazanavir,2등급
Cobicistat + Darunavir,2등급
Inosiplex,2등급
Valaciclovir,2등급
Zanamivir,2등급
Natalizumab,2등급
Flubendazole,2등급
Niclosamide,2등급
Pyrantel,2등급
Clostridium botulinum toxin type A,2등급
Sulfasalazine,2등급
Pentamidine,2등급
Pilocarpine,2등급
Homatropine,2등급
Phenylephrine,2등급
Fluocinolone acetonide,2등급
Fluorometholone,2등급
Ketotifen,2등급
Apraclonidine,2등급
Brinzolamide,2등급
Dorzolamide,2등급
Bimatoprost,2등급
Latanoprost,2등급
Levobunolol,2등급
Timolol,2등급
Verteporfin,2등급
Ciclesonide,2등급
Omalizumab,2등급
Piprinhydrinate,2등급
Sirolimus,2등급
Evening primrose oil,2등급
Peginterferon beta-1a,2등급
Trientine,2등급
Zinc acetate,2등급
Allopurinol,2등급
Edetate calcium disodium(Calcium EDTA),2등급
Deferasirox,2등급
Deferoxamine,2등급
Dexrazoxane,1등급
Aminobenzoate potassium,2등급
5-Hydroxytryptophan,2등급
Cabergoline,2등급
"Avocado and Soyabean oil, unsaponifiables",2등급
Diacerein,2등급
Diazoxide,2등급
Barium Sulfate,2등급
Gadobenate dimeglumine,1등급
Gadoteridol,1등급
Iobitridol,2등급
Iodised oil,2등급
Iodixanol,2등급
Iohexol,2등급
Iomeprol,2등급
Iopamidol,2등급
Iopromide,2등급
Ioversol,2등급
Ioxitalamic acid,2등급
Alfacalcidol,2등급
Calcifediol,2등급
Paricalcitol,2등급
Potassium chloride,2등급
Aminocaproic acid,2등급
Heparin,2등급
Efmoroctocog alfa,2등급
Factor IX Fc fusion protein recombinant,2등급
Eltrombopag,2등급
Romiplostim,2등급
Lenograstim,2등급
Pegfilgrastim,2등급
Lipegfilgrastim,2등급
Pegteograstim,2등급
Tripegfilgrastim,2등급
Ticlopidine,2등급
Sodium tetradecyl sulfate,2등급
Manganese chloride,2등급
Brentuximab vedotin,2등급
Centella Titrated Extract,2등급
Dioctahedral smectite,2등급
Nusinersen,2등급
Letermovir,2등급
Guselkumab,2등급
Durvalumab,2등급
Ertugliflozin,2등급
Tegoprazan,2등급
Sucroferric oxyhydroxide,2등급
Florapronol (18F),2등급
Adapalene,2등급
Brivaracetam,2등급
Galcanezumab,2등급
Opicapone,2등급
Ripasudil,2등급
Omidenepag isopropyl,2등급
Risankizumab,2등급
Benralizumab,2등급
Vonoprazan,2등급
Lubiprostone,2등급
Romosozumab,2등급
Inotuzumab ozogamicin,2등급
Abemaciclib,2등급
Tipiracil + Trifluridine,2등급
Olaparib,2등급
Ribociclib,2등급
Bictegravir + Emtricitabine + Tenofovir alafenamide,2등급
Baloxavir marboxil,2등급
